389;/ppd84D2i9W8jXmsyInGyihiSyqz.jpg;12 Angry Men
62;/zmmYdPa8Lxx999Af9vnVP4XQ1V6.jpg;2001: A Space Odyssey
20453;/k1iWMypGjk1b59oCHLtyfd4hw99.jpg;3 Idiots
453;/zwzWCmH72OSC9NA0ipoqw5Zjya8.jpg;A Beautiful Mind
185;/4sHeTAp65WrSSuc05nRBKddhBxO.jpg;A Clockwork Orange
702;/aicdlO5vt7z2ARm279eGzJeYCLQ.jpg;A Streetcar Named Desire
348;/vfrQk5IPloGg1v9Rzbh2Eg3VGyM.jpg;Alien
705;/6numIZH6uR3NlJgY9m7nGH0jhs.jpg;All About Eve
143;/yAU6jklJLUjZot3WyvyJrxVdLKb.jpg;All Quiet on the Western Front
279;/ryLzgil9aNj6JRi2dmLapuMX5pt.jpg;Amadeus
14;/wby9315QzVKdW9BonAefg8jGTTb.jpg;American Beauty
73;/c2gsmSQ2Cqv8zosqKOCwRS0GFBS.jpg;American History X
55;/uoObXx53SjSLLtAavMSIe02zizs.jpg;Amores Perros
93;/lMWWs7IskGldLfwwnVxHhffsVLw.jpg;Anatomy of a Murder
703;/wvNu1wnAwHvFyq0gVgtGVG1z5bb.jpg;Annie Hall
28;/gQB8Y5RCMkv2zwzFHbUJX3kAhvA.jpg;Apocalypse Now
212;/xG1GEEQGgExKl0WT5sRo1Arst5D.jpg;Arsenic and Old Lace
105;/xlBivetfrtF84Yx0zISShnNtHYe.jpg;Back to the Future
3175;/3YJEv83HWWgCKezTiQ9LhdR7cFU.jpg;Barry Lyndon
272;/1P3ZyEq02wcTMd3iE4ebtLvncvH.jpg;Batman Begins
10020;/7oCAPOphDKpIaxTrnukmDrZ8XKD.jpg;Beauty and the Beast
76;/6KWnXYoV1htDT3TGYdFWucfTt6t.jpg;Before Sunrise
665;/m4WQ1dBIrEIHZNCoAjdpxwSKWyH.jpg;Ben-Hur
44214;/rH19vkjAzCZ0HIUvrgB3rowm68h.jpg;Black Swan
78;/vfzE3pjE5G7G7kcZWrA3fnbZo7V.jpg;Blade Runner
197;/or1gBugydmjToAEq7OZY0owwFk.jpg;Braveheart
642;/oDpDXln1x3sbnt8wQBKsU6J5txT.jpg;Butch Cassidy and the Sundance Kid
289;/uECNe5EolG7l9HxDmwl6NDt0vuI.jpg;Casablanca
524;/4TS5O1IP42bY2BvgMxL156EENy.jpg;Casino
829;/7ljxmU9L0ugUvyyg0GBkFaarjEq.jpg;Chinatown
598;/k7eYdWvhYQyRQoU2TB2A2Xu2TfD.jpg;City of God
15;/sav0jxhqiH0bPr2vZFU0Kjt2nZL.jpg;Citizen Kane
901;/bXNvzjULc9jrOVhGfjcc64uKZmZ.jpg;City Lights
903;/sqelBKOEdYruo497Jx6SAC3jBMY.jpg;Cool Hand Luke
562;/p5hURTvac8sxLRhe5hLchvfy5Pu.jpg;Die Hard
17654;/tuGlQkqLxnodDSk6mp5c2wvxUEd.jpg;District 9
68718;/7oWY8VDWW7thTzWh3OKYRkWUlD5.jpg;Django Unchained
968;/mavrhr0ig2aCRR8d48yaxtD5aMQ.jpg;Dog Day Afternoon
141;/fhQoQfejY1hUcwyuLgpBrYs6uFt.jpg;Donnie Darko
996;/nW0cCpfuGcR1JG7EinDbdL2Ijf2.jpg;Double Indemnity
935;/7SixLzxcqezkZEYU8pcHZgbkmjp.jpg;Dr. Strangelove or: How I Learned to Stop Worrying and Love the Bomb
1417;/7PurMm0gUOJZ8Uk0oyuZlt1CKfJ.jpg;Pan's Labyrinth
38;/5MwkWH9tYHv3mV9OdYTMR5qreIz.jpg;Eternal Sunshine of the Spotless Mind
5961;/q8jlA3Wc1Z987hNKRFA44g5OugC.jpg;Fanny and Alexander
275;/rt7cpEr1uP6RTZykBFhBTcRaKvG.jpg;Fargo
309;/b0YDV5j53Y5xRscI14UieetvNLB.jpg;The Celebration
550;/2z8mFQrT0ESSytWZqro1jsCbvCC.jpg;Fight Club
12;/8h0CG12Oft1GqthLmsctg8iuQQj.jpg;Finding Nemo
13;/clolk7rB5lAjs41SD0Vt6IXYLMm.jpg;Forrest Gump
600;/kMKyx1k8hWWscYFnPbnxxN4Eqo4.jpg;Full Metal Jacket
783;/mGIDXmuCeLu1nzOxLbN8fWwn1fN.jpg;Gandhi
98;/pRn3TJHbAqCAO6U8Dw5DayVUuX3.jpg;Gladiator
770;/s0S2KXGRHxOYu8zCcV5p5sczw9d.jpg;Gone with the Wind
489;/ylagLHIbG0F1blqSFqY6pa56Omr.jpg;Good Will Hunting
769;/6QMSLvU5ziIL2T6VrkaKzN2YkxK.jpg;GoodFellas
13223;/w3zz8djZKknVpkpHi0I7kqibzbC.jpg;Gran Torino
137;/gCgt1WARPZaXnq523ySQEUKinCs.jpg;Groundhog Day
12445;/afoGTOFBbC8qkH16X0Gz7VN9Bnk.jpg;Harry Potter and the Deathly Hallows: Part 2
11787;/dgd82hYmpiXDM1G867HqNaWe8wj.jpg;Harvey
949;/rrBuGu0Pjq7Y2BWSI6teGfZzviY.jpg;Heat
288;/qETSMQ4IXBSAS409Z9OL0ppXWTW.jpg;High Noon
205;/p3pHw85UMZPegfMZBA6dZ06yarm.jpg;Hotel Rwanda
10191;/ygGmAO60t8GyqUo9xYeYxSZAR3b.jpg;How to Train Your Dragon
429;/eWivEg4ugIMAd7d4uWI37b17Cgj.jpg;The Good, the Bad and the Ugly
7984;/kUTImWLPIr6U4xhLsHrgky5vgJt.jpg;In the Name of the Father
46738;/jO6VMoZco5jaAVm2QJ2VgPolUnx.jpg;Incendies
27205;/9gk7adHYeDvHkCSEqAvQNLV5Uge.jpg;Inception
89;/sizg1AU8f8JDZX4QIgE4pjUMBvx.jpg;Indiana Jones and the Last Crusade
10775;/gix9thDBXfjJ8M7rYbihqbQGBcP.jpg;Infernal Affairs
16869;/7sfbEnaARXDDhKm0CZ7D7uc2sbo.jpg;Inglourious Basterds
5915;/2MSGZEE6XZd2r4ODNziwAw7Hpw0.jpg;Into the Wild
77338;/ttx4GQl0azO6NJFWj4XNZCQOY7S.jpg;The Intouchables
3078;/wx4ptyx3vlPBVl5DzBA8KomcJww.jpg;It Happened One Night
1585;/bSqt9rhDZx1Q7UZ86dBPKdNomp2.jpg;It's a Wonderful Life
103663;/jkixsXzRh28q3PCqFoWcf7unghT.jpg;The Hunt
578;/s2xcqSFfT6F7ZXHxowjxfG0yisT.jpg;Jaws
329;/9i3plLl89DHMz7mahksDaAo7HIS.jpg;Jurassic Park
81;/sIpcATxMrKHRRUJAGI5UIUT7XMG.jpg;Nausicaä of the Valley of the Wind
24;/v7TaX8kXMXs5yFFGR41guUDNcnB.jpg;Kill Bill: Vol. 1
2118;/6w1tl5bvnMVc8qenSwqUPFF4MKr.jpg;L.A. Confidential
947;/vOEbimiBaTQr9SDFfDHHWCZdZK2.jpg;Lawrence of Arabia
87827;/mYDKm9HxImm8PRru3KbkHAe1cmk.jpg;Life of Pi
100;/8kSerJrhrJWKLk1LViesGcnrUPE.jpg;Lock, Stock and Two Smoking Barrels
832;/6hg2UClwHGnBojemFrLgiF1WK8A.jpg;M
24238;/b4LKlquh0ls5Rgb27QLPlkC7Oya.jpg;Mary and Max
77;/uprP8rtOgMYJQ2h3ldDFvGsaBgH.jpg;Memento
19;/hUK9rewffKGqtXynH5SW3v9hzcu.jpg;Metropolis
70;/jcfEqKdWF1zeyvECPqp3mkWLct2.jpg;Million Dollar Baby
3082;/7uoiKOEjxBBW0AgDGQWrlfGQ90w.jpg;Modern Times
128;/pdtzEreKvKAlqa2YEBaGwiA45V8.jpg;Princess Mononoke
585;/sgheSKxZkttIe8ONsf2sWXPgip3.jpg;Monsters, Inc.
762;/8AVb7tyxZRsbKJNOTJHQZl7JYWO.jpg;Monty Python and the Holy Grail
583;/lSSA64WF0M0BXnjwr2quMh6shCl.jpg;Life of Brian
3083;/fLKV2I29ujduadRaeXZxnXOxorh.jpg;Mr. Smith Goes to Washington
322;/e2VNohx5jb7I6HUamCuGhKvzXDR.jpg;Mystic River
10774;/gZ8hhuVEQ78CLND09trZJ45Eiy8.jpg;Network
6977;/6d5XOczc226jECq0LIX0siKtgHR.jpg;No Country for Old Men
213;/i3g0KIoXYx5RvyVaraYx9n2LCli.jpg;North by Northwest
303;/4RERYb1NIQrJHYY5e8nUlYM7t2z.jpg;Notorious
11216;/8SRUfRUi6x4O68n0VCbDNRa6iGL.jpg;Cinema Paradiso
654;/v1RtJ1qR4v9nrnfoBVBl6hjTW9.jpg;On the Waterfront
311;/r31djHVfrGqOhTan4ov6HTCA7lr.jpg;Once Upon a Time in America
510;/3jcbDmRFiQ83drXNOvRDeKHxS0C.jpg;One Flew Over the Cuckoo's Nest
5924;/356oqQpug682OERsWV0bGZ0YxwQ.jpg;Papillon
975;/aAol0HgMU4HOqAeb1ebIGFJyk7L.jpg;Paths of Glory
391;/lBwOEpwVeUAmrmglcstnaGcJq3Y.jpg;A Fistful of Dollars
797;/mOodF10mRLMHYl8iOsyszm92hVi.jpg;Persona
22;/z8onk7LV9Mmw6zKz4hT6pzzvmvl.jpg;Pirates of the Caribbean: The Curse of the Black Pearl
792;/m3mmFkPQKvPZq5exmh0bDuXlD9T.jpg;Platoon
539;/nR4LD4ZJg2n6LZQpcOrLFdMq0cD.jpg;Psycho
680;/dRZpdpKLgN9nk57zggJCs1TjJb4.jpg;Pulp Fiction
1578;/rEviyDWNbAFmvvCPlkMRPAGUElG.jpg;Raging Bull
85;/ceG9VzoRAVGwivFU403Wc3AHRys.jpg;Raiders of the Lost Ark
380;/8L6EMburnnVx8cvQmhGgC826JNc.jpg;Rain Man
11645;/jK7aLEh1StwcLBK22NCHuDmCq90.jpg;Ran
2062;/npHNjldbeTHdKKw28bJKs7lzqzj.jpg;Ratatouille
567;/qitnZcLP7C9DLRuPpmvZ7GiEjJN.jpg;Rear Window
223;/3Gla0nxHboX3nxQzaU4SoqOtTjh.jpg;Rebecca
641;/nOd6vjEmzCT0k4VYqsA2hwyi87C.jpg;Requiem for a Dream
500;/AjTtJNumZyUDz33VtMlF1K8JPsE.jpg;Reservoir Dogs
1366;/i5xiwdSsrecBvO7mIfAJixeEDSg.jpg;Rocky
804;/aIsAxkWv5EHaRn0QR18hy4ZltAN.jpg;Roman Holiday
1580;/tJlmMbaleBT8IwuidgI0ZvlLbWA.jpg;Rope
805;/rDBHzuuA5uFrc9KbsksrsPvuzgA.jpg;Rosemary's Baby
857;/uqx37cS8cpHg8U35f9U5IBlrCV3.jpg;Saving Private Ryan
111;/nGY6NnlDsWaRKAycWUgXanqLxia.jpg;Scarface
424;/c8Ass7acuOe4za6DhSattE359gr.jpg;Schindler's List
807;/6yoghtyTpznpBik8EngEmJskVUO.jpg;Se7en
11324;/kve20tXwUZpu4GUX8l6X7Z4jmL6.jpg;Shutter Island
187;/8qGW691AOyqbKsEhpe7nHwMEbRe.jpg;Sin City
872;/62plaLItfJDXKcLUJdOQ35wASms.jpg;Singin' in the Rain
993;/avFuamkwshZr9FURRD9HZPAGtkQ.jpg;Sleuth
12405;/5WU6uusqJrLfiBaNs3KpF4o8Lnj.jpg;Slumdog Millionaire
107;/56mOJth6DJ6JhgoE2jtpilVqJO.jpg;Snatch
239;/hVIKyTK13AvOGv7ICmJjK44DTzp.jpg;Some Like It Hot
235;/vz0w9BSehcqjDcJOjRaCk7fgJe7.jpg;Stand by Me
13475;/lV5OpzAss1z06YNagOVap1I35mH.jpg;Star Trek
1892;/mDCBQNhR6R0PVFucJl0O4Hp5klZ.jpg;Return of the Jedi
845;/ihC083U7ef56Ui4x0P0dobojrZ1.jpg;Strangers on a Train
599;/zt8aQ6ksqK6p1AopC5zVTDS9pKT.jpg;Sunset Boulevard
7508;/wEHkOBcvEiNZpFU1O3HbZLoKSaE.jpg;Like Stars on Earth
103;/ekstpH614fwDX8DUln1a2Opz0N8.jpg;Taxi Driver
280;/5M0j0B18abtBI5gi2RhfjjurTqb.jpg;Terminator 2: Judgment Day
284;/hhSRt1KKfRT0yEhEtRW3qp31JFU.jpg;The Apartment
74643;/khtVL4abxYczXAWbo1wAz13CLx3.jpg;The Artist
24428;/RYMX2wcKCBAr24UyPD7xwmjaTn.jpg;The Avengers
887;/ba6GlZzRlh7OHUitFnzUF1U7gpu.jpg;The Best Years of Our Lives
115;/d4J7GotCjvDJBAYayZBTc5nLbbP.jpg;The Big Lebowski
910;/pZUBI77RMu652QmtWL9RBWF1uO6.jpg;The Big Sleep
2503;/xqf7mzA77LmMJByvwxRLNdw5pz4.jpg;The Bourne Ultimatum
826;/rVWacfczT3i1GOjqp2u4K9wahta.jpg;The Bridge on the River Kwai
155;/qJ2tW6WMUDux911r6m7haRef0WH.jpg;The Dark Knight
11778;/wT3DeCZ3Ax5VYhKu6ajyEvA1hXG.jpg;The Deer Hunter
1422;/jyAgiqVSx5fl0NNj7WoGGKweXrL.jpg;The Departed
1955;/rk2lKgEtjF9HO9N2UFMRc2cMGdj.jpg;The Elephant Man
9552;/4ucLGcXVVSVnsfkGtbLY4XAius8.jpg;The Exorcist
961;/tmyxr4ZkUKtcUwBc7ptyIWdLZEH.jpg;The General
238;/3bhkrj58Vtu7enYsRolD1fZdja1.jpg;The Godfather
962;/eQRFo1qwRREYwj47Yoe1PisgOle.jpg;The Gold Rush
37247;/AuFvrbtWSPiBPIv9ewH2DV4nhCD.jpg;The Graduate
596;/jRbRDNi9MgvhRc68PSQPMqnG24x.jpg;The Grapes of Wrath
914;/1QpO9wo7JWecZ4NiBuu625FiY1j.jpg;The Great Dictator
5925;/aCPW2GTrFguhI06pdU2DBrO50pU.jpg;The Great Escape
497;/velWPhVMQeQKcxggNEU8YmIo52R.jpg;The Green Mile
49051;/yHA9Fc37VmpUA5UncTxxo3rTGVA.jpg;The Hobbit: An Unexpected Journey
990;/n2zbi9ePKNkCgguCTeurdwP40Ax.jpg;The Hustler
10098;/drgMcyTsySQBnUPGaBThCHGdlWT.jpg;The Kid
247;/m3twOKPQCrQwVLRbWlc3AQ40pG5.jpg;The Killing
45269;/uQ538BfYLDJh3GXlzRZLo0j7PFj.jpg;The King's Speech
8587;/sKCr78MXSLixwmZ8DyJLrpMsd15.jpg;The Lion King
121;/5VTN0pR8gcqV3EPUHHfMGnJYN9L.jpg;The Lord of the Rings: The Two Towers
963;/bf4o6Uzw5wqLjdKwRuiDrN1xyvl.jpg;The Maltese Falcon
11697;/3vdXCx7b3iVQA4aC6faNeY7sNyR.jpg;The Man Who Shot Liberty Valance
982;/2xQ856kd9hw6bB3OnusGyTvvkwB.jpg;The Manchurian Candidate
603;/f89U3ADr1oiB1s9GkdPOEpXUk5H.jpg;The Matrix
3112;/rBka0nFWiHxabHRLr0KfIA8Yiaq.jpg;The Night of the Hunter
423;/3DzePKMbLMIM636S6syCy3cLPqj.jpg;The Pianist
1124;/pvSESD7ujxWZwtYDb9l57qE0ywq.jpg;The Prestige
2493;/2FC9L9MrjBoGHYjYZjdWQdopVYb.jpg;The Princess Bride
278;/5KCVkau1HEl7ZzfPsKAPM0sMiKc.jpg;The Shawshank Redemption
694;/b6ko0IKC8MdYBBPkkA1aBPLe2yz.jpg;The Shining
274;/rplLJ2hPcOQmkFhTqUte0MkEaO2.jpg;The Silence of the Lambs
745;/fIssD3w3SvIhPPmVo4WMgZDVLID.jpg;The Sixth Sense
9277;/fpxhmgeCuPQOeatfeCPwtOwUwlb.jpg;The Sting
218;/qvktm0BHcnmDpul4Hz01GIazWPr.jpg;The Terminator
1091;/tzGY49kseSE9QAKk47uuDGwnSCu.jpg;The Thing
1092;/rO2Fq0AZZx9obs52KJdx4mRE8p5.jpg;The Third Man
3090;/qvExr87oqKHvNiFRK5VqDoZrS5D.jpg;The Treasure of the Sierra Madre
37165;/jW8w2QZnCSRblYWPc5FKAkS1cal.jpg;The Truman Show
117;/iK4twY48a1nVCez0qXE5w4JFvXw.jpg;The Untouchables
629;/bUPmtQzrRhzqYySeiMpv7GurAfm.jpg;The Usual Suspects
576;/zZhp7p8qvfVrSLKpOFHcKjpEj8f.jpg;The Wild Bunch
630;/pfAZFD7I2hxW9HCChTuAzsdE6UX.jpg;The Wizard of Oz
7345;/fa0RDkAlCec0STeMNAhPaF89q6U.jpg;There Will Be Blood
595;/fqIj7oE79qbyqHv5NBjtTI7yXP7.jpg;To Kill a Mockingbird
8392;/rtGDOeG9LzoerkDGZF9dnVeLppL.jpg;My Neighbor Totoro
1480;/kgxSjcvrWmJXB62eCsWJJtUcDxD.jpg;Touch of Evil
862;/uXDfjJbdP4ijW5hWSBrPrlKpxab.jpg;Toy Story
627;/6UTzw3kipgTYAJCX8GExoXzcVOx.jpg;Trainspotting
110;/5YIzZaQlwYJY5ZEqHRs9dG9DduB.jpg;Three Colors: Red
